{"cameraMode":{"drawMode":0,"name":"Shaded","section":"Shading Mode"},"sceneLighting":true,"audioPlay":false,"sceneViewState":{"showFog":true,"showMaterialUpdate":false,"showSkybox":true,"showFlares":true,"showImageEffects":true,"showParticleSystems":true},"in2DMode":false,"pivot":{"x":8.499298095703125,"y":-3.2433366775512697,"z":8.108664512634278},"rotation":{"x":0.1977023333311081,"y":0.6429045796394348,"z":-0.17689096927642823,"w":0.7185422778129578},"size":16.13880157470703,"orthographic":false}